id,tenant_id,user_id,entity_type,entity_id,action,details,created_at,case_id,document_id,ip_address,user_agent,metadata_json
95b7fe44-c6db-4d83-b7e0-3d32af05d42d,0aa6bb34-4f25-45b8-a9f0-34b4f9e7b2e1,70264cc8-1086-45fb-bffe-7f5b383d3404,case,969cee3a-28a9-48ae-a0f5-1bab73e7a541,case_created,Case created,2026-03-08 07:20:22.687+00,969cee3a-28a9-48ae-a0f5-1bab73e7a541,,5.109.10.62,"Mozilla/5.0 (Windows NT 10.0; Win64; x64) AppleWebKit/537.36 (KHTML, like Gecko) Chrome/145.0.0.0 Safari/537.36 Edg/145.0.0.0","{""status"": ""OPEN"", ""caseType"": ""DISCHARGE_REFUSAL""}"
e358b439-98d4-4170-94e0-29de588afaa0,0aa6bb34-4f25-45b8-a9f0-34b4f9e7b2e1,70264cc8-1086-45fb-bffe-7f5b383d3404,case,0be898ce-a8d6-4379-8b56-8f64881c194c,case_created,Case created,2026-03-09 09:49:34.789+00,0be898ce-a8d6-4379-8b56-8f64881c194c,,5.82.214.245,"Mozilla/5.0 (Windows NT 10.0; Win64; x64) AppleWebKit/537.36 (KHTML, like Gecko) Chrome/145.0.0.0 Safari/537.36","{""status"": ""OPEN"", ""caseType"": ""DISCHARGE_REFUSAL""}"
76298b8a-a3ad-475f-9f26-a236c0a4be51,86f33ca1-9c02-421c-a3bd-5a1d06cf3521,8c56fcf3-3f34-460f-9eac-19fd5fb7e23b,case,e5d7de45-b970-40b5-a8d7-a3170ccdb325,seed_case_ready,Sample case seeded for pilot demo (DEMO-REF-1001),2026-03-09 17:50:10.313+00,e5d7de45-b970-40b5-a8d7-a3170ccdb325,,,,"{""source"": ""seed"", ""status"": ""IN_PROGRESS""}"
80ec0fcc-1f64-4ef7-b8de-8245cea5a05a,86f33ca1-9c02-421c-a3bd-5a1d06cf3521,8c56fcf3-3f34-460f-9eac-19fd5fb7e23b,case,1261ad8b-8d4b-4aa2-81d2-f89c0927faa9,seed_case_ready,Sample case seeded for pilot demo (DEMO-REF-1002),2026-03-09 17:50:11.187+00,1261ad8b-8d4b-4aa2-81d2-f89c0927faa9,,,,"{""source"": ""seed"", ""status"": ""OPEN""}"
34267400-221c-4303-9c48-2d5f8ddb489d,0aa6bb34-4f25-45b8-a9f0-34b4f9e7b2e1,70264cc8-1086-45fb-bffe-7f5b383d3404,case,855d0194-398e-462e-94f8-1a52b6181b72,seed_case_ready,Sample case seeded for pilot demo (IMC-REF-1001),2026-03-09 17:50:11.927+00,855d0194-398e-462e-94f8-1a52b6181b72,,,,"{""source"": ""seed"", ""status"": ""IN_PROGRESS""}"
fbfe5c00-98c5-41ba-9250-8c67213d9cab,0aa6bb34-4f25-45b8-a9f0-34b4f9e7b2e1,70264cc8-1086-45fb-bffe-7f5b383d3404,case,4258ad49-a8f1-42af-9953-4e5e0f4649e6,seed_case_ready,Sample case seeded for pilot demo (IMC-REF-1002),2026-03-09 17:50:12.76+00,4258ad49-a8f1-42af-9953-4e5e0f4649e6,,,,"{""source"": ""seed"", ""status"": ""OPEN""}"
aff5bbfa-1d8a-452c-87ff-b88d18a2304d,0aa6bb34-4f25-45b8-a9f0-34b4f9e7b2e1,70264cc8-1086-45fb-bffe-7f5b383d3404,case,23b3b476-4d21-459d-b132-758f16388d6c,case_created,Case created,2026-03-09 21:53:07.202+00,23b3b476-4d21-459d-b132-758f16388d6c,,86.108.11.181,"Mozilla/5.0 (Macintosh; Intel Mac OS X 10_15_7) AppleWebKit/605.1.15 (KHTML, like Gecko) Version/17.3.1 Safari/605.1.15","{""status"": ""OPEN"", ""caseType"": ""DISCHARGE_REFUSAL""}"
acb128ba-8890-4ae6-a276-17d9eb5afcb1,0aa6bb34-4f25-45b8-a9f0-34b4f9e7b2e1,70264cc8-1086-45fb-bffe-7f5b383d3404,case,e336b152-635a-4c47-868b-1a85615d76e7,case_created,Case created,2026-03-11 02:05:36.541+00,e336b152-635a-4c47-868b-1a85615d76e7,,31.166.155.126,"Mozilla/5.0 (Windows NT 10.0; Win64; x64) AppleWebKit/537.36 (KHTML, like Gecko) Chrome/145.0.0.0 Safari/537.36","{""status"": ""OPEN"", ""caseType"": ""DISCHARGE_REFUSAL""}"
182a2942-3b2e-4d3e-a185-d0a669277859,ba70317a-5ce9-47b9-b45f-98d6462280ed,70264cc8-1086-45fb-bffe-7f5b383d3404,tenant,ba70317a-5ce9-47b9-b45f-98d6462280ed,tenant_created,Tenant created from admin panel,2026-03-11 17:46:25.108+00,,,46.251.146.177,"Mozilla/5.0 (Windows NT 10.0; Win64; x64) AppleWebKit/537.36 (KHTML, like Gecko) Chrome/145.0.0.0 Safari/537.36 Edg/145.0.0.0","{""code"": ""INTERNATIONAL-MEDICAL-CENTER""}"
f220de78-85c5-4a1a-9495-8f43debf8d5f,0aa6bb34-4f25-45b8-a9f0-34b4f9e7b2e1,70264cc8-1086-45fb-bffe-7f5b383d3404,subscription,e6ecec1e-e28a-43a5-8c96-57ab68eecd62,subscription_updated,Subscription updated from tenant API,2026-03-11 17:47:55.84+00,,,46.251.146.177,"Mozilla/5.0 (Windows NT 10.0; Win64; x64) AppleWebKit/537.36 (KHTML, like Gecko) Chrome/145.0.0.0 Safari/537.36 Edg/145.0.0.0","{""status"": ""ACTIVE"", ""planCode"": ""STARTER"", ""seatLimit"": 10, ""activeSeats"": 1, ""billingInterval"": ""MONTHLY""}"
566cba57-23c1-47b0-90a4-700157e3e71b,0aa6bb34-4f25-45b8-a9f0-34b4f9e7b2e1,70264cc8-1086-45fb-bffe-7f5b383d3404,subscription,e6ecec1e-e28a-43a5-8c96-57ab68eecd62,subscription_updated,Subscription updated from tenant API,2026-03-11 17:48:52.065+00,,,46.251.146.177,"Mozilla/5.0 (Windows NT 10.0; Win64; x64) AppleWebKit/537.36 (KHTML, like Gecko) Chrome/145.0.0.0 Safari/537.36 Edg/145.0.0.0","{""status"": ""TRIALING"", ""planCode"": ""ENTERPRISE"", ""seatLimit"": 10, ""activeSeats"": 1, ""billingInterval"": ""YEARLY""}"
61786fe6-5ac0-43f3-9402-c82357671643,0aa6bb34-4f25-45b8-a9f0-34b4f9e7b2e1,70264cc8-1086-45fb-bffe-7f5b383d3404,tenant_membership,c01e0f20-c81e-438c-b7e4-15561bb4d690,membership_upserted,Membership ACTIVE with role OWNER,2026-03-11 17:50:48.115+00,,,46.251.146.177,"Mozilla/5.0 (Windows NT 10.0; Win64; x64) AppleWebKit/537.36 (KHTML, like Gecko) Chrome/145.0.0.0 Safari/537.36 Edg/145.0.0.0","{""role"": ""OWNER"", ""memberEmail"": ""fahad@qlinagroups.com"", ""memberUserId"": ""66c9e807-9d2e-437c-b984-376f2ba0fd5f""}"
aa86dc2c-aa49-4baa-852a-082a0a992171,0aa6bb34-4f25-45b8-a9f0-34b4f9e7b2e1,70264cc8-1086-45fb-bffe-7f5b383d3404,tenant_membership,e7fba98f-1060-4ca1-9eac-12ac13c3f0e9,membership_upserted,Membership ACTIVE with role OWNER,2026-03-11 17:51:49.469+00,,,46.251.146.177,"Mozilla/5.0 (Windows NT 10.0; Win64; x64) AppleWebKit/537.36 (KHTML, like Gecko) Chrome/145.0.0.0 Safari/537.36 Edg/145.0.0.0","{""role"": ""OWNER"", ""memberEmail"": ""fahad@linagroups.com"", ""memberUserId"": ""0cac6fb8-9e3e-4875-a30a-6e4bbf4d1572""}"
5c7bdb2a-108c-4e8a-909d-3c6bc5457634,0aa6bb34-4f25-45b8-a9f0-34b4f9e7b2e1,70264cc8-1086-45fb-bffe-7f5b383d3404,subscription,e6ecec1e-e28a-43a5-8c96-57ab68eecd62,subscription_updated,Subscription updated from tenant API,2026-03-11 17:52:14.049+00,,,46.251.146.177,"Mozilla/5.0 (Windows NT 10.0; Win64; x64) AppleWebKit/537.36 (KHTML, like Gecko) Chrome/145.0.0.0 Safari/537.36 Edg/145.0.0.0","{""status"": ""TRIALING"", ""planCode"": ""ENTERPRISE"", ""seatLimit"": 10, ""activeSeats"": 3, ""billingInterval"": ""YEARLY""}"
806eaf6c-456b-45bc-86ea-48cc648881d0,0aa6bb34-4f25-45b8-a9f0-34b4f9e7b2e1,70264cc8-1086-45fb-bffe-7f5b383d3404,document,9d5d1012-fe20-4b01-93f5-d9effe9c0fe2,acknowledgment_session_started,,2026-03-14 00:16:12.415+00,e336b152-635a-4c47-868b-1a85615d76e7,9d5d1012-fe20-4b01-93f5-d9effe9c0fe2,,,"{""method"": ""TABLET_SIGNATURE"", ""document_type"": ""home_healthcare_agreement""}"
a8ea7468-c7f5-4dfb-8593-da58ee25ce2f,0aa6bb34-4f25-45b8-a9f0-34b4f9e7b2e1,70264cc8-1086-45fb-bffe-7f5b383d3404,document,baf040dd-b66b-4a27-8f07-05c3b19441ff,acknowledgment_session_started,,2026-03-14 00:16:12.924+00,e336b152-635a-4c47-868b-1a85615d76e7,baf040dd-b66b-4a27-8f07-05c3b19441ff,,,"{""method"": ""TABLET_SIGNATURE"", ""document_type"": ""home_healthcare_agreement""}"
19263310-a54c-4c76-927e-8c84611248c8,0aa6bb34-4f25-45b8-a9f0-34b4f9e7b2e1,70264cc8-1086-45fb-bffe-7f5b383d3404,case,24b8603d-5aab-4023-a940-014d5347b629,case_created,Case created,2026-03-14 00:17:30.851+00,24b8603d-5aab-4023-a940-014d5347b629,,31.166.155.126,"Mozilla/5.0 (Windows NT 10.0; Win64; x64) AppleWebKit/537.36 (KHTML, like Gecko) Chrome/145.0.0.0 Safari/537.36","{""status"": ""OPEN"", ""caseType"": ""DISCHARGE_REFUSAL""}"
ca4f9362-25ab-4976-80e4-2a43bcb24b0a,0aa6bb34-4f25-45b8-a9f0-34b4f9e7b2e1,70264cc8-1086-45fb-bffe-7f5b383d3404,document,9aad9a48-ed03-4183-b5ed-9bfe1a25fab9,acknowledgment_session_started,,2026-03-14 00:18:00.642+00,24b8603d-5aab-4023-a940-014d5347b629,9aad9a48-ed03-4183-b5ed-9bfe1a25fab9,,,"{""method"": ""TABLET_SIGNATURE"", ""document_type"": ""informed_consent""}"
b3d7c1fd-7814-4ee6-ab55-c6c01c7415fb,0aa6bb34-4f25-45b8-a9f0-34b4f9e7b2e1,70264cc8-1086-45fb-bffe-7f5b383d3404,document,57045c24-7bcc-49a0-8a9d-fe2d40247dc8,acknowledgment_session_started,,2026-03-14 02:36:20.554+00,24b8603d-5aab-4023-a940-014d5347b629,57045c24-7bcc-49a0-8a9d-fe2d40247dc8,,,"{""method"": ""TABLET_SIGNATURE"", ""document_type"": ""informed_consent""}"
f825afb1-69d3-4ff7-a682-7eca7208161d,0aa6bb34-4f25-45b8-a9f0-34b4f9e7b2e1,70264cc8-1086-45fb-bffe-7f5b383d3404,document,b72f544a-6d59-44c5-bc08-d0b673746ad5,acknowledgment_session_started,,2026-03-14 15:40:32.133+00,24b8603d-5aab-4023-a940-014d5347b629,b72f544a-6d59-44c5-bc08-d0b673746ad5,,,"{""method"": ""TABLET_SIGNATURE"", ""document_type"": ""home_healthcare_agreement""}"
ba15c095-d8b9-40fa-a3b8-d3614bf6fa6e,0aa6bb34-4f25-45b8-a9f0-34b4f9e7b2e1,70264cc8-1086-45fb-bffe-7f5b383d3404,document,6380afc8-9e7b-42ca-8caa-a603b1588735,acknowledgment_session_started,,2026-03-14 20:45:58.393+00,24b8603d-5aab-4023-a940-014d5347b629,6380afc8-9e7b-42ca-8caa-a603b1588735,,,"{""method"": ""TABLET_SIGNATURE"", ""document_type"": ""home_healthcare_agreement""}"
91438fa7-fbb3-4ba9-9dd3-e17a3c7d9e78,0aa6bb34-4f25-45b8-a9f0-34b4f9e7b2e1,70264cc8-1086-45fb-bffe-7f5b383d3404,document,f5b7e2d1-f2e9-4ec8-9b25-e30b7a7d53f5,acknowledgment_session_started,,2026-03-14 20:46:11.773+00,24b8603d-5aab-4023-a940-014d5347b629,f5b7e2d1-f2e9-4ec8-9b25-e30b7a7d53f5,,,"{""method"": ""TABLET_SIGNATURE"", ""document_type"": ""home_healthcare_agreement""}"
a04f9f72-cefc-4716-8f9e-4a68dda3fa01,0aa6bb34-4f25-45b8-a9f0-34b4f9e7b2e1,70264cc8-1086-45fb-bffe-7f5b383d3404,document,90aeaa1c-6807-441e-9a7a-80fac44da80b,acknowledgment_session_started,,2026-03-14 20:46:14.417+00,24b8603d-5aab-4023-a940-014d5347b629,90aeaa1c-6807-441e-9a7a-80fac44da80b,,,"{""method"": ""TABLET_SIGNATURE"", ""document_type"": ""home_healthcare_agreement""}"
83593de5-a317-499c-987f-ffa0a8d01682,0aa6bb34-4f25-45b8-a9f0-34b4f9e7b2e1,70264cc8-1086-45fb-bffe-7f5b383d3404,case,a7def7fb-ac96-4c91-8727-88bf8e1627c9,case_created,Case created,2026-03-14 22:39:13.722+00,a7def7fb-ac96-4c91-8727-88bf8e1627c9,,31.166.155.126,"Mozilla/5.0 (Windows NT 10.0; Win64; x64) AppleWebKit/537.36 (KHTML, like Gecko) Chrome/145.0.0.0 Safari/537.36","{""status"": ""OPEN"", ""caseType"": ""DISCHARGE_REFUSAL""}"
95ea4669-1ac3-4ca6-a7ef-0b5459bbba9b,0aa6bb34-4f25-45b8-a9f0-34b4f9e7b2e1,70264cc8-1086-45fb-bffe-7f5b383d3404,tenant_membership,5bb935b7-cc24-4245-bb90-c5f74e4dde81,membership_upserted,Membership ACTIVE with role ADMIN,2026-03-14 22:44:57.975+00,,,31.166.155.126,"Mozilla/5.0 (Windows NT 10.0; Win64; x64) AppleWebKit/537.36 (KHTML, like Gecko) Chrome/145.0.0.0 Safari/537.36","{""role"": ""ADMIN"", ""memberEmail"": ""faisal@linagroups.com"", ""memberUserId"": ""4cf772ee-64dc-42ff-8d66-470edf9dcf18""}"
fc1836d9-836a-4628-917f-36d83c501906,0aa6bb34-4f25-45b8-a9f0-34b4f9e7b2e1,70264cc8-1086-45fb-bffe-7f5b383d3404,document,91ab1be8-ca68-41c5-b998-1bc3e00aba3c,acknowledgment_session_started,,2026-03-15 00:43:36.86+00,a7def7fb-ac96-4c91-8727-88bf8e1627c9,91ab1be8-ca68-41c5-b998-1bc3e00aba3c,,,"{""method"": ""TABLET_SIGNATURE"", ""document_type"": ""discharge_refusal_form""}"
6809c225-0a28-43d5-a63f-559e7a3b8683,0aa6bb34-4f25-45b8-a9f0-34b4f9e7b2e1,70264cc8-1086-45fb-bffe-7f5b383d3404,document,2357a654-ed65-40b1-9084-9f46a2032b28,acknowledgment_session_started,,2026-03-15 00:47:44.516+00,a7def7fb-ac96-4c91-8727-88bf8e1627c9,2357a654-ed65-40b1-9084-9f46a2032b28,,,"{""method"": ""TABLET_SIGNATURE"", ""document_type"": ""home_healthcare_agreement""}"
571cdea6-7318-47a1-8151-d8a6435115ba,0aa6bb34-4f25-45b8-a9f0-34b4f9e7b2e1,70264cc8-1086-45fb-bffe-7f5b383d3404,document,736d4800-2c67-4516-bb66-f7bdf5bb8b4c,acknowledgment_session_started,,2026-03-15 00:52:09.08+00,a7def7fb-ac96-4c91-8727-88bf8e1627c9,736d4800-2c67-4516-bb66-f7bdf5bb8b4c,,,"{""method"": ""TABLET_SIGNATURE"", ""document_type"": ""informed_consent""}"
447d3de6-2d05-46fc-9922-f360d37d46a1,0aa6bb34-4f25-45b8-a9f0-34b4f9e7b2e1,70264cc8-1086-45fb-bffe-7f5b383d3404,document,3e44aa91-0c62-452b-88c0-62debd2af6a9,acknowledgment_session_started,,2026-03-15 01:05:48.186+00,a7def7fb-ac96-4c91-8727-88bf8e1627c9,3e44aa91-0c62-452b-88c0-62debd2af6a9,,,"{""method"": ""TABLET_SIGNATURE"", ""document_type"": ""informed_consent""}"
6e4b691a-44a5-4aba-9518-cd6ecb827225,0aa6bb34-4f25-45b8-a9f0-34b4f9e7b2e1,70264cc8-1086-45fb-bffe-7f5b383d3404,document,3e44aa91-0c62-452b-88c0-62debd2af6a9,acknowledgment_verified,,2026-03-15 01:05:51.082+00,a7def7fb-ac96-4c91-8727-88bf8e1627c9,3e44aa91-0c62-452b-88c0-62debd2af6a9,,,"{""method"": ""TABLET_SIGNATURE"", ""session_id"": ""3e44aa91-0c62-452b-88c0-62debd2af6a9"", ""document_type"": ""informed_consent""}"
fd67872f-254e-437b-be0e-e2746e77e46a,0aa6bb34-4f25-45b8-a9f0-34b4f9e7b2e1,70264cc8-1086-45fb-bffe-7f5b383d3404,document,08e0b7bd-ddb3-48ac-ab76-33bf0de49ae5,acknowledgment_session_started,,2026-03-15 01:07:13.602+00,a7def7fb-ac96-4c91-8727-88bf8e1627c9,08e0b7bd-ddb3-48ac-ab76-33bf0de49ae5,,,"{""method"": ""TABLET_SIGNATURE"", ""document_type"": ""informed_consent""}"
29a6934e-0e0e-4ee1-9923-18be5f6753a4,0aa6bb34-4f25-45b8-a9f0-34b4f9e7b2e1,70264cc8-1086-45fb-bffe-7f5b383d3404,document,08e0b7bd-ddb3-48ac-ab76-33bf0de49ae5,acknowledgment_verified,,2026-03-15 01:07:16.248+00,a7def7fb-ac96-4c91-8727-88bf8e1627c9,08e0b7bd-ddb3-48ac-ab76-33bf0de49ae5,,,"{""method"": ""TABLET_SIGNATURE"", ""session_id"": ""08e0b7bd-ddb3-48ac-ab76-33bf0de49ae5"", ""document_type"": ""informed_consent""}"
3bac593f-cfc8-42f9-8b6a-f9dfbb600340,0aa6bb34-4f25-45b8-a9f0-34b4f9e7b2e1,70264cc8-1086-45fb-bffe-7f5b383d3404,document,f5631fbc-0aa1-4e48-b1d0-85a6239c08fa,acknowledgment_session_started,,2026-03-15 03:40:17.674+00,969cee3a-28a9-48ae-a0f5-1bab73e7a541,f5631fbc-0aa1-4e48-b1d0-85a6239c08fa,,,"{""method"": ""EMAIL_NOTICE"", ""document_type"": ""discharge_refusal_form""}"
30cb4bca-7b84-46c6-bf8e-ca4c212f0f98,0aa6bb34-4f25-45b8-a9f0-34b4f9e7b2e1,70264cc8-1086-45fb-bffe-7f5b383d3404,document,8ced38f6-1a32-4f0b-8784-93bfe6b4f7ba,acknowledgment_session_started,,2026-03-15 03:42:54.942+00,969cee3a-28a9-48ae-a0f5-1bab73e7a541,8ced38f6-1a32-4f0b-8784-93bfe6b4f7ba,,,"{""method"": ""EMAIL_NOTICE"", ""document_type"": ""financial_responsibility_notice""}"
fa8884d0-aea3-44a2-9dd7-7d172262eee0,0aa6bb34-4f25-45b8-a9f0-34b4f9e7b2e1,70264cc8-1086-45fb-bffe-7f5b383d3404,document,91ccf51a-ccef-4de3-b61a-0537e2b3b1f9,acknowledgment_session_started,,2026-03-15 03:45:47.283+00,969cee3a-28a9-48ae-a0f5-1bab73e7a541,91ccf51a-ccef-4de3-b61a-0537e2b3b1f9,,,"{""method"": ""EMAIL_NOTICE"", ""document_type"": ""discharge_refusal_form""}"
7de752a1-4159-477d-ba5d-46e1384ce28a,0aa6bb34-4f25-45b8-a9f0-34b4f9e7b2e1,70264cc8-1086-45fb-bffe-7f5b383d3404,document,ae9e00f3-5427-426c-ab03-045ceffb833a,acknowledgment_session_started,,2026-03-15 05:13:11.582+00,a7def7fb-ac96-4c91-8727-88bf8e1627c9,ae9e00f3-5427-426c-ab03-045ceffb833a,,,"{""method"": ""TABLET_SIGNATURE"", ""document_type"": ""discharge_refusal_form""}"
1707fbdf-5fec-4001-a688-dd6dd3bcc99e,0aa6bb34-4f25-45b8-a9f0-34b4f9e7b2e1,70264cc8-1086-45fb-bffe-7f5b383d3404,document,ae9e00f3-5427-426c-ab03-045ceffb833a,acknowledgment_verified,,2026-03-15 05:13:15.056+00,a7def7fb-ac96-4c91-8727-88bf8e1627c9,ae9e00f3-5427-426c-ab03-045ceffb833a,,,"{""method"": ""TABLET_SIGNATURE"", ""session_id"": ""ae9e00f3-5427-426c-ab03-045ceffb833a"", ""document_type"": ""discharge_refusal_form""}"
0830a752-1bd1-406b-9b9f-344cffffd2bb,3c71b7f0-e99c-48f9-a94d-9d061f5c3fd8,c14541cc-ef4e-4c96-8749-7a286afb070c,document,11185746-02ab-4811-b8de-bde5c99efbab,acknowledgment_session_started,,2026-03-15 06:57:30.754+00,caeccdda-b45b-4ba8-af9b-01b181ac2e46,11185746-02ab-4811-b8de-bde5c99efbab,,,"{""method"": ""EMAIL_NOTICE"", ""document_type"": ""informed_consent""}"
3ad80c3b-956e-4c15-978f-f58e2b9cf38f,3c71b7f0-e99c-48f9-a94d-9d061f5c3fd8,c14541cc-ef4e-4c96-8749-7a286afb070c,document,724ea6db-551f-44f3-80d2-1b6f1389727d,acknowledgment_session_started,,2026-03-15 06:58:01.164+00,caeccdda-b45b-4ba8-af9b-01b181ac2e46,724ea6db-551f-44f3-80d2-1b6f1389727d,,,"{""method"": ""EMAIL_NOTICE"", ""document_type"": ""financial_responsibility_notice""}"
9e87858d-4a24-4e89-a5bd-8552d594d324,3c71b7f0-e99c-48f9-a94d-9d061f5c3fd8,c14541cc-ef4e-4c96-8749-7a286afb070c,document,7176a482-920a-4b2c-bd7e-4d461af1f7a6,acknowledgment_session_started,,2026-03-15 07:02:04.523+00,caeccdda-b45b-4ba8-af9b-01b181ac2e46,7176a482-920a-4b2c-bd7e-4d461af1f7a6,,,"{""method"": ""EMAIL_NOTICE"", ""document_type"": ""informed_consent""}"
adb5f619-36d2-4c5d-bbc7-7c06146d3e85,3c71b7f0-e99c-48f9-a94d-9d061f5c3fd8,c14541cc-ef4e-4c96-8749-7a286afb070c,document,7176a482-920a-4b2c-bd7e-4d461af1f7a6,acknowledgment_notification_confirmed,,2026-03-15 07:02:05.979+00,caeccdda-b45b-4ba8-af9b-01b181ac2e46,7176a482-920a-4b2c-bd7e-4d461af1f7a6,,,"{""method"": ""EMAIL_NOTICE"", ""provider"": ""microsoft_graph"", ""message_id"": ""c9c69102-8dd5-44a1-bedb-ea383b2bd711"", ""session_id"": ""7176a482-920a-4b2c-bd7e-4d461af1f7a6"", ""recipient_email"": ""basel@linagroups.com"", ""verification_status"": ""notification_sent""}"
a4f8b565-02d3-4fc6-8212-f7f72ea06674,3c71b7f0-e99c-48f9-a94d-9d061f5c3fd8,c14541cc-ef4e-4c96-8749-7a286afb070c,document,ac1b18ef-e033-4a49-800c-b1320a0a6b2f,acknowledgment_session_started,,2026-03-15 07:02:10.083+00,caeccdda-b45b-4ba8-af9b-01b181ac2e46,ac1b18ef-e033-4a49-800c-b1320a0a6b2f,,,"{""method"": ""EMAIL_NOTICE"", ""document_type"": ""financial_responsibility_notice""}"
2005a1b1-6f27-4392-ba7e-1956931ded15,3c71b7f0-e99c-48f9-a94d-9d061f5c3fd8,c14541cc-ef4e-4c96-8749-7a286afb070c,document,ac1b18ef-e033-4a49-800c-b1320a0a6b2f,acknowledgment_notification_confirmed,,2026-03-15 07:02:10.494+00,caeccdda-b45b-4ba8-af9b-01b181ac2e46,ac1b18ef-e033-4a49-800c-b1320a0a6b2f,,,"{""method"": ""EMAIL_NOTICE"", ""provider"": ""microsoft_graph"", ""message_id"": ""8699c380-949f-4c14-b393-632935774729"", ""session_id"": ""ac1b18ef-e033-4a49-800c-b1320a0a6b2f"", ""recipient_email"": ""basel@linagroups.com"", ""verification_status"": ""notification_sent""}"
462b3114-d240-4698-b50c-f2fe4356af18,3c71b7f0-e99c-48f9-a94d-9d061f5c3fd8,c14541cc-ef4e-4c96-8749-7a286afb070c,document,4ce661c3-f83e-4515-8026-a9b631fbb516,acknowledgment_session_started,,2026-03-15 07:05:30.006+00,caeccdda-b45b-4ba8-af9b-01b181ac2e46,4ce661c3-f83e-4515-8026-a9b631fbb516,,,"{""method"": ""EMAIL_NOTICE"", ""document_type"": ""informed_consent""}"
56318ec9-6b35-4a71-afe8-e66c9956ab71,3c71b7f0-e99c-48f9-a94d-9d061f5c3fd8,c14541cc-ef4e-4c96-8749-7a286afb070c,document,4ce661c3-f83e-4515-8026-a9b631fbb516,acknowledgment_notification_confirmed,,2026-03-15 07:05:30.808+00,caeccdda-b45b-4ba8-af9b-01b181ac2e46,4ce661c3-f83e-4515-8026-a9b631fbb516,,,"{""method"": ""EMAIL_NOTICE"", ""provider"": ""microsoft_graph"", ""message_id"": ""336bb7e2-65fa-4db7-a0a5-0c04018475a7"", ""session_id"": ""4ce661c3-f83e-4515-8026-a9b631fbb516"", ""recipient_email"": ""basel@linagroups.com"", ""verification_status"": ""notification_sent""}"
b15a51e0-b1de-4d30-a63f-0414c5f63f0f,3c71b7f0-e99c-48f9-a94d-9d061f5c3fd8,c14541cc-ef4e-4c96-8749-7a286afb070c,document,a5c494d2-1103-489c-b4f0-0d0171ac253d,acknowledgment_session_started,,2026-03-15 07:05:34.311+00,caeccdda-b45b-4ba8-af9b-01b181ac2e46,a5c494d2-1103-489c-b4f0-0d0171ac253d,,,"{""method"": ""EMAIL_NOTICE"", ""document_type"": ""financial_responsibility_notice""}"
2936dd19-c56d-41ba-b278-32f747918256,3c71b7f0-e99c-48f9-a94d-9d061f5c3fd8,c14541cc-ef4e-4c96-8749-7a286afb070c,document,a5c494d2-1103-489c-b4f0-0d0171ac253d,acknowledgment_notification_confirmed,,2026-03-15 07:05:34.76+00,caeccdda-b45b-4ba8-af9b-01b181ac2e46,a5c494d2-1103-489c-b4f0-0d0171ac253d,,,"{""method"": ""EMAIL_NOTICE"", ""provider"": ""microsoft_graph"", ""message_id"": ""a8e9a997-4d3b-484d-969a-58f41d1a4bf4"", ""session_id"": ""a5c494d2-1103-489c-b4f0-0d0171ac253d"", ""recipient_email"": ""basel@linagroups.com"", ""verification_status"": ""notification_sent""}"
c3420b21-d9c7-4753-9eed-6964d483b34d,0aa6bb34-4f25-45b8-a9f0-34b4f9e7b2e1,70264cc8-1086-45fb-bffe-7f5b383d3404,document,c6584ab1-3086-425f-852c-82fc79377727,acknowledgment_session_started,,2026-03-15 07:16:57.201+00,a7def7fb-ac96-4c91-8727-88bf8e1627c9,c6584ab1-3086-425f-852c-82fc79377727,,,"{""method"": ""TABLET_SIGNATURE"", ""document_type"": ""informed_consent""}"
3074a8f2-d760-4ad9-bbaa-c907b2c77636,0aa6bb34-4f25-45b8-a9f0-34b4f9e7b2e1,70264cc8-1086-45fb-bffe-7f5b383d3404,document,c6584ab1-3086-425f-852c-82fc79377727,acknowledgment_verified,,2026-03-15 07:17:00.848+00,a7def7fb-ac96-4c91-8727-88bf8e1627c9,c6584ab1-3086-425f-852c-82fc79377727,,,"{""method"": ""TABLET_SIGNATURE"", ""session_id"": ""c6584ab1-3086-425f-852c-82fc79377727"", ""document_type"": ""informed_consent""}"
549883fd-ce00-4bc5-b220-971f103726e1,3c71b7f0-e99c-48f9-a94d-9d061f5c3fd8,c14541cc-ef4e-4c96-8749-7a286afb070c,document,5750050a-f994-467e-943d-b0ff6e035f85,acknowledgment_session_started,,2026-03-15 07:27:57.958+00,caeccdda-b45b-4ba8-af9b-01b181ac2e46,5750050a-f994-467e-943d-b0ff6e035f85,,,"{""method"": ""EMAIL_NOTICE"", ""document_type"": ""financial_responsibility_notice""}"
e96f11e8-f594-454f-8a16-22e723c9057c,0aa6bb34-4f25-45b8-a9f0-34b4f9e7b2e1,70264cc8-1086-45fb-bffe-7f5b383d3404,document,3b916273-c6a5-4630-ac19-22a8e69aaab0,acknowledgment_session_started,,2026-03-15 08:52:15.076+00,a7def7fb-ac96-4c91-8727-88bf8e1627c9,3b916273-c6a5-4630-ac19-22a8e69aaab0,,,"{""method"": ""TABLET_SIGNATURE"", ""document_type"": ""home_healthcare_agreement""}"
2cdbb241-ed58-4c0d-a6da-c40d1ea6d82c,0aa6bb34-4f25-45b8-a9f0-34b4f9e7b2e1,70264cc8-1086-45fb-bffe-7f5b383d3404,document,d8c89ca2-94c2-4897-bf94-4cd91c9ce285,acknowledgment_session_started,,2026-03-15 09:23:07.408+00,a7def7fb-ac96-4c91-8727-88bf8e1627c9,d8c89ca2-94c2-4897-bf94-4cd91c9ce285,,,"{""method"": ""TABLET_SIGNATURE"", ""document_type"": ""discharge_refusal_form""}"
3776413b-ef0b-4ff1-9bb5-4288645aadd3,0aa6bb34-4f25-45b8-a9f0-34b4f9e7b2e1,70264cc8-1086-45fb-bffe-7f5b383d3404,document,d8c89ca2-94c2-4897-bf94-4cd91c9ce285,acknowledgment_verified,,2026-03-15 09:23:16.594+00,a7def7fb-ac96-4c91-8727-88bf8e1627c9,d8c89ca2-94c2-4897-bf94-4cd91c9ce285,,,"{""method"": ""TABLET_SIGNATURE"", ""session_id"": ""d8c89ca2-94c2-4897-bf94-4cd91c9ce285"", ""document_type"": ""discharge_refusal_form""}"
75f9d0da-cb64-4c71-a1a1-1ea459fe0287,0aa6bb34-4f25-45b8-a9f0-34b4f9e7b2e1,70264cc8-1086-45fb-bffe-7f5b383d3404,document,45724167-a37e-4736-8e53-256bb1229636,acknowledgment_session_started,,2026-03-17 06:39:37.057+00,a7def7fb-ac96-4c91-8727-88bf8e1627c9,45724167-a37e-4736-8e53-256bb1229636,,,"{""method"": ""TABLET_SIGNATURE"", ""document_type"": ""home_healthcare_agreement""}"
034a84b7-2daf-4d64-9dac-ea3f37895287,0aa6bb34-4f25-45b8-a9f0-34b4f9e7b2e1,70264cc8-1086-45fb-bffe-7f5b383d3404,document,ae9b0a60-7410-4aff-94c4-a727dcf454a2,acknowledgment_session_started,,2026-03-17 06:39:39.885+00,a7def7fb-ac96-4c91-8727-88bf8e1627c9,ae9b0a60-7410-4aff-94c4-a727dcf454a2,,,"{""method"": ""TABLET_SIGNATURE"", ""document_type"": ""home_healthcare_agreement""}"
f2b249ec-5ebe-4465-979f-e4ce5c25b25f,0aa6bb34-4f25-45b8-a9f0-34b4f9e7b2e1,70264cc8-1086-45fb-bffe-7f5b383d3404,document,c012c596-657c-41dc-ab7a-468f45c64200,acknowledgment_session_started,,2026-03-17 12:06:19.053+00,a7def7fb-ac96-4c91-8727-88bf8e1627c9,c012c596-657c-41dc-ab7a-468f45c64200,,,"{""method"": ""TABLET_SIGNATURE"", ""document_type"": ""home_healthcare_agreement""}"
5eba1409-ef01-48ef-8783-ac73a6731e8c,0aa6bb34-4f25-45b8-a9f0-34b4f9e7b2e1,70264cc8-1086-45fb-bffe-7f5b383d3404,document,a9b44426-6895-4255-a088-12498221f16c,acknowledgment_session_started,,2026-03-17 12:06:34.237+00,a7def7fb-ac96-4c91-8727-88bf8e1627c9,a9b44426-6895-4255-a088-12498221f16c,,,"{""method"": ""TABLET_SIGNATURE"", ""document_type"": ""home_healthcare_agreement""}"
c3bcf131-1f55-4c5e-a6d4-3d9b09a5bd6a,0aa6bb34-4f25-45b8-a9f0-34b4f9e7b2e1,70264cc8-1086-45fb-bffe-7f5b383d3404,document,eb11c0e6-3f49-4c8a-8507-5e78289e948f,acknowledgment_session_started,,2026-03-17 12:23:31.607+00,a7def7fb-ac96-4c91-8727-88bf8e1627c9,eb11c0e6-3f49-4c8a-8507-5e78289e948f,,,"{""method"": ""TABLET_SIGNATURE"", ""document_type"": ""home_healthcare_agreement""}"
ff72c56b-c1da-4338-94af-2afdb27b4598,0aa6bb34-4f25-45b8-a9f0-34b4f9e7b2e1,70264cc8-1086-45fb-bffe-7f5b383d3404,document,eb11c0e6-3f49-4c8a-8507-5e78289e948f,acknowledgment_verified,,2026-03-17 12:23:34.036+00,a7def7fb-ac96-4c91-8727-88bf8e1627c9,eb11c0e6-3f49-4c8a-8507-5e78289e948f,,,"{""method"": ""TABLET_SIGNATURE"", ""session_id"": ""eb11c0e6-3f49-4c8a-8507-5e78289e948f"", ""document_type"": ""home_healthcare_agreement""}"
9de11897-4a98-42bd-8b02-54e2cdea836f,0aa6bb34-4f25-45b8-a9f0-34b4f9e7b2e1,70264cc8-1086-45fb-bffe-7f5b383d3404,document,b36b5664-b586-407d-bc8f-236b0556b253,acknowledgment_session_started,,2026-03-17 12:24:31.123+00,a7def7fb-ac96-4c91-8727-88bf8e1627c9,b36b5664-b586-407d-bc8f-236b0556b253,,,"{""method"": ""TABLET_SIGNATURE"", ""document_type"": ""discharge_refusal_form""}"
220aa963-e841-453b-823b-09b073f9b2ed,0aa6bb34-4f25-45b8-a9f0-34b4f9e7b2e1,70264cc8-1086-45fb-bffe-7f5b383d3404,document,b36b5664-b586-407d-bc8f-236b0556b253,acknowledgment_verified,,2026-03-17 12:24:34.87+00,a7def7fb-ac96-4c91-8727-88bf8e1627c9,b36b5664-b586-407d-bc8f-236b0556b253,,,"{""method"": ""TABLET_SIGNATURE"", ""session_id"": ""b36b5664-b586-407d-bc8f-236b0556b253"", ""document_type"": ""discharge_refusal_form""}"
c41537c5-fb1a-4045-8e7c-d9be2da53214,0aa6bb34-4f25-45b8-a9f0-34b4f9e7b2e1,70264cc8-1086-45fb-bffe-7f5b383d3404,case,42958bbc-485c-4535-abc7-48220f6c5ebf,case_created,Case created,2026-03-17 19:40:57.804+00,42958bbc-485c-4535-abc7-48220f6c5ebf,,46.251.146.177,"Mozilla/5.0 (Windows NT 10.0; Win64; x64) AppleWebKit/537.36 (KHTML, like Gecko) Chrome/146.0.0.0 Safari/537.36 Edg/146.0.0.0","{""status"": ""OPEN"", ""caseType"": ""DISCHARGE_REFUSAL""}"
979636be-5f75-4003-a021-be54dd5815b2,0aa6bb34-4f25-45b8-a9f0-34b4f9e7b2e1,70264cc8-1086-45fb-bffe-7f5b383d3404,document,8352d94c-baa8-43bd-bb85-0b3a76e1d193,acknowledgment_session_started,,2026-03-17 19:44:48.849+00,42958bbc-485c-4535-abc7-48220f6c5ebf,8352d94c-baa8-43bd-bb85-0b3a76e1d193,,,"{""method"": ""TABLET_SIGNATURE"", ""document_type"": ""home_healthcare_agreement""}"
4ac3c2d9-9dc8-479b-a2cc-752091185ef6,0aa6bb34-4f25-45b8-a9f0-34b4f9e7b2e1,70264cc8-1086-45fb-bffe-7f5b383d3404,document,8352d94c-baa8-43bd-bb85-0b3a76e1d193,acknowledgment_verified,,2026-03-17 19:44:56.824+00,42958bbc-485c-4535-abc7-48220f6c5ebf,8352d94c-baa8-43bd-bb85-0b3a76e1d193,,,"{""method"": ""TABLET_SIGNATURE"", ""session_id"": ""8352d94c-baa8-43bd-bb85-0b3a76e1d193"", ""document_type"": ""home_healthcare_agreement""}"
b900e60c-fee5-4c81-9905-233581e83cb2,0aa6bb34-4f25-45b8-a9f0-34b4f9e7b2e1,70264cc8-1086-45fb-bffe-7f5b383d3404,document,93ed0b69-ecd7-49c5-8da5-398a81be9550,acknowledgment_session_started,,2026-03-17 19:46:04.162+00,42958bbc-485c-4535-abc7-48220f6c5ebf,93ed0b69-ecd7-49c5-8da5-398a81be9550,,,"{""method"": ""TABLET_SIGNATURE"", ""document_type"": ""home_healthcare_agreement""}"
81da186c-1585-4346-b447-8aca26c4f964,0aa6bb34-4f25-45b8-a9f0-34b4f9e7b2e1,70264cc8-1086-45fb-bffe-7f5b383d3404,document,386d8cd7-67a0-46b0-a432-5ba020427ca3,acknowledgment_session_started,,2026-03-17 20:42:12.211+00,42958bbc-485c-4535-abc7-48220f6c5ebf,386d8cd7-67a0-46b0-a432-5ba020427ca3,,,"{""method"": ""TABLET_SIGNATURE"", ""document_type"": ""discharge_refusal_form""}"
a1a3e63a-d46f-441f-9ead-42b147590670,0aa6bb34-4f25-45b8-a9f0-34b4f9e7b2e1,70264cc8-1086-45fb-bffe-7f5b383d3404,document,386d8cd7-67a0-46b0-a432-5ba020427ca3,acknowledgment_verified,,2026-03-17 20:42:14.853+00,42958bbc-485c-4535-abc7-48220f6c5ebf,386d8cd7-67a0-46b0-a432-5ba020427ca3,,,"{""method"": ""TABLET_SIGNATURE"", ""session_id"": ""386d8cd7-67a0-46b0-a432-5ba020427ca3"", ""document_type"": ""discharge_refusal_form""}"
b829c8df-d829-45d0-8c31-c11578b5fe9c,0aa6bb34-4f25-45b8-a9f0-34b4f9e7b2e1,70264cc8-1086-45fb-bffe-7f5b383d3404,case,42958bbc-485c-4535-abc7-48220f6c5ebf,mark_patient_counseled,Workflow action completed: mark_patient_counseled,2026-03-17 22:03:02.611+00,42958bbc-485c-4535-abc7-48220f6c5ebf,,46.251.146.177,"Mozilla/5.0 (Windows NT 10.0; Win64; x64) AppleWebKit/537.36 (KHTML, like Gecko) Chrome/146.0.0.0 Safari/537.36 Edg/146.0.0.0","{""status"": ""active"", ""current_stage"": ""support_and_intervention"", ""generated_document_id"": null}"
37636c5a-844d-462a-b32b-26878abf62dc,0aa6bb34-4f25-45b8-a9f0-34b4f9e7b2e1,70264cc8-1086-45fb-bffe-7f5b383d3404,case,42958bbc-485c-4535-abc7-48220f6c5ebf,refer_social_services,Workflow action completed: refer_social_services,2026-03-17 22:04:16.94+00,42958bbc-485c-4535-abc7-48220f6c5ebf,,46.251.146.177,"Mozilla/5.0 (Windows NT 10.0; Win64; x64) AppleWebKit/537.36 (KHTML, like Gecko) Chrome/146.0.0.0 Safari/537.36 Edg/146.0.0.0","{""status"": ""active"", ""current_stage"": ""refusal_form"", ""generated_document_id"": null}"
1a12fd2a-92dd-4581-98bf-c159db32d4b8,0aa6bb34-4f25-45b8-a9f0-34b4f9e7b2e1,70264cc8-1086-45fb-bffe-7f5b383d3404,document,8ad05f41-c570-40c0-9dde-628b0fd828b5,acknowledgment_session_started,,2026-03-17 22:04:55.761+00,42958bbc-485c-4535-abc7-48220f6c5ebf,8ad05f41-c570-40c0-9dde-628b0fd828b5,,,"{""method"": ""TABLET_SIGNATURE"", ""document_type"": ""discharge_refusal_form""}"
5175a94a-aa58-4d7a-8a84-43d24329e12a,0aa6bb34-4f25-45b8-a9f0-34b4f9e7b2e1,70264cc8-1086-45fb-bffe-7f5b383d3404,document,8ad05f41-c570-40c0-9dde-628b0fd828b5,acknowledgment_verified,,2026-03-17 22:05:04.783+00,42958bbc-485c-4535-abc7-48220f6c5ebf,8ad05f41-c570-40c0-9dde-628b0fd828b5,,,"{""method"": ""TABLET_SIGNATURE"", ""session_id"": ""8ad05f41-c570-40c0-9dde-628b0fd828b5"", ""document_type"": ""discharge_refusal_form""}"
5a373678-9f89-482f-be61-c08a8e89a0dc,0aa6bb34-4f25-45b8-a9f0-34b4f9e7b2e1,70264cc8-1086-45fb-bffe-7f5b383d3404,document,6c7176aa-38f0-4792-8866-5ec82e21fc47,acknowledgment_session_started,,2026-03-17 22:07:05.256+00,42958bbc-485c-4535-abc7-48220f6c5ebf,6c7176aa-38f0-4792-8866-5ec82e21fc47,,,"{""method"": ""TABLET_SIGNATURE"", ""document_type"": ""discharge_refusal_form""}"
d98db3be-7d14-4cae-b6e9-964633a6d044,0aa6bb34-4f25-45b8-a9f0-34b4f9e7b2e1,70264cc8-1086-45fb-bffe-7f5b383d3404,document,6c7176aa-38f0-4792-8866-5ec82e21fc47,acknowledgment_verified,,2026-03-17 22:07:07.488+00,42958bbc-485c-4535-abc7-48220f6c5ebf,6c7176aa-38f0-4792-8866-5ec82e21fc47,,,"{""method"": ""TABLET_SIGNATURE"", ""session_id"": ""6c7176aa-38f0-4792-8866-5ec82e21fc47"", ""document_type"": ""discharge_refusal_form""}"
08b6849b-fd9f-41c6-8ccd-dfd99629cf15,0aa6bb34-4f25-45b8-a9f0-34b4f9e7b2e1,70264cc8-1086-45fb-bffe-7f5b383d3404,document,6c7176aa-38f0-4792-8866-5ec82e21fc47,acknowledgment_verified,,2026-03-17 22:07:08.038+00,42958bbc-485c-4535-abc7-48220f6c5ebf,6c7176aa-38f0-4792-8866-5ec82e21fc47,,,"{""method"": ""TABLET_SIGNATURE"", ""session_id"": ""6c7176aa-38f0-4792-8866-5ec82e21fc47"", ""document_type"": ""discharge_refusal_form""}"
c26df8cb-d9ac-4e0b-8ef0-e73869dac454,0aa6bb34-4f25-45b8-a9f0-34b4f9e7b2e1,70264cc8-1086-45fb-bffe-7f5b383d3404,document,6c7176aa-38f0-4792-8866-5ec82e21fc47,acknowledgment_verified,,2026-03-17 22:07:14.47+00,42958bbc-485c-4535-abc7-48220f6c5ebf,6c7176aa-38f0-4792-8866-5ec82e21fc47,,,"{""method"": ""TABLET_SIGNATURE"", ""session_id"": ""6c7176aa-38f0-4792-8866-5ec82e21fc47"", ""document_type"": ""discharge_refusal_form""}"
48bc6cb0-0c9d-4d9f-873e-6ee1425ee397,0aa6bb34-4f25-45b8-a9f0-34b4f9e7b2e1,70264cc8-1086-45fb-bffe-7f5b383d3404,document,6c7176aa-38f0-4792-8866-5ec82e21fc47,acknowledgment_verified,,2026-03-17 22:07:15.563+00,42958bbc-485c-4535-abc7-48220f6c5ebf,6c7176aa-38f0-4792-8866-5ec82e21fc47,,,"{""method"": ""TABLET_SIGNATURE"", ""session_id"": ""6c7176aa-38f0-4792-8866-5ec82e21fc47"", ""document_type"": ""discharge_refusal_form""}"
0a5e8014-6c4c-47e5-a931-5e4c64e43a23,0aa6bb34-4f25-45b8-a9f0-34b4f9e7b2e1,70264cc8-1086-45fb-bffe-7f5b383d3404,document,51b5bbe3-2d82-41cd-ba79-07b9d46c58a8,acknowledgment_session_started,,2026-03-17 22:07:28.544+00,42958bbc-485c-4535-abc7-48220f6c5ebf,51b5bbe3-2d82-41cd-ba79-07b9d46c58a8,,,"{""method"": ""TABLET_SIGNATURE"", ""document_type"": ""financial_responsibility_notice""}"
e826653d-6a9f-4b8c-aa85-63a33471763c,0aa6bb34-4f25-45b8-a9f0-34b4f9e7b2e1,70264cc8-1086-45fb-bffe-7f5b383d3404,document,df4bb6c2-11ef-4ab7-8f57-e425d8787344,acknowledgment_session_started,,2026-03-17 22:07:33.702+00,42958bbc-485c-4535-abc7-48220f6c5ebf,df4bb6c2-11ef-4ab7-8f57-e425d8787344,,,"{""method"": ""TABLET_SIGNATURE"", ""document_type"": ""financial_responsibility_notice""}"
a3126bda-974d-461f-8b0b-e4677892d0fa,0aa6bb34-4f25-45b8-a9f0-34b4f9e7b2e1,70264cc8-1086-45fb-bffe-7f5b383d3404,document,df4bb6c2-11ef-4ab7-8f57-e425d8787344,acknowledgment_verified,,2026-03-17 22:07:35.971+00,42958bbc-485c-4535-abc7-48220f6c5ebf,df4bb6c2-11ef-4ab7-8f57-e425d8787344,,,"{""method"": ""TABLET_SIGNATURE"", ""session_id"": ""df4bb6c2-11ef-4ab7-8f57-e425d8787344"", ""document_type"": ""financial_responsibility_notice""}"
6c7c46d4-1917-41bc-bb6c-21d5b6de5f7c,0aa6bb34-4f25-45b8-a9f0-34b4f9e7b2e1,70264cc8-1086-45fb-bffe-7f5b383d3404,document,7d92c247-e784-48eb-b452-7ff05e28abbb,acknowledgment_session_started,,2026-03-17 22:09:23.594+00,42958bbc-485c-4535-abc7-48220f6c5ebf,7d92c247-e784-48eb-b452-7ff05e28abbb,,,"{""method"": ""TABLET_SIGNATURE"", ""document_type"": ""home_healthcare_agreement""}"
70e76d6b-caa8-4ed6-80e7-7baf79aae8a4,0aa6bb34-4f25-45b8-a9f0-34b4f9e7b2e1,70264cc8-1086-45fb-bffe-7f5b383d3404,document,7d92c247-e784-48eb-b452-7ff05e28abbb,acknowledgment_verified,,2026-03-17 22:09:26.763+00,42958bbc-485c-4535-abc7-48220f6c5ebf,7d92c247-e784-48eb-b452-7ff05e28abbb,,,"{""method"": ""TABLET_SIGNATURE"", ""session_id"": ""7d92c247-e784-48eb-b452-7ff05e28abbb"", ""document_type"": ""home_healthcare_agreement""}"
3970c9ee-a177-4e52-a51f-c04ac034390e,0aa6bb34-4f25-45b8-a9f0-34b4f9e7b2e1,70264cc8-1086-45fb-bffe-7f5b383d3404,document,5c8ec4ba-a48a-498e-a067-606cbb8450b3,acknowledgment_session_started,,2026-03-17 22:10:16.1+00,42958bbc-485c-4535-abc7-48220f6c5ebf,5c8ec4ba-a48a-498e-a067-606cbb8450b3,,,"{""method"": ""TABLET_SIGNATURE"", ""document_type"": ""discharge_refusal_form""}"
78b4c546-9ebd-4d7b-a4df-34f710cd3c5e,0aa6bb34-4f25-45b8-a9f0-34b4f9e7b2e1,70264cc8-1086-45fb-bffe-7f5b383d3404,document,5c8ec4ba-a48a-498e-a067-606cbb8450b3,acknowledgment_verified,,2026-03-17 22:10:22.19+00,42958bbc-485c-4535-abc7-48220f6c5ebf,5c8ec4ba-a48a-498e-a067-606cbb8450b3,,,"{""method"": ""TABLET_SIGNATURE"", ""session_id"": ""5c8ec4ba-a48a-498e-a067-606cbb8450b3"", ""document_type"": ""discharge_refusal_form""}"
9d76bf29-56d4-454e-822f-e3cf998128b1,0aa6bb34-4f25-45b8-a9f0-34b4f9e7b2e1,70264cc8-1086-45fb-bffe-7f5b383d3404,document,5c8ec4ba-a48a-498e-a067-606cbb8450b3,acknowledgment_verified,,2026-03-17 22:10:29.909+00,42958bbc-485c-4535-abc7-48220f6c5ebf,5c8ec4ba-a48a-498e-a067-606cbb8450b3,,,"{""method"": ""TABLET_SIGNATURE"", ""session_id"": ""5c8ec4ba-a48a-498e-a067-606cbb8450b3"", ""document_type"": ""discharge_refusal_form""}"
53b537a9-08af-4920-a8c5-8d380ff3a730,0aa6bb34-4f25-45b8-a9f0-34b4f9e7b2e1,70264cc8-1086-45fb-bffe-7f5b383d3404,document,f06c464c-9900-4251-a324-3e82b9a1c9d2,acknowledgment_session_started,,2026-03-17 22:10:51.632+00,42958bbc-485c-4535-abc7-48220f6c5ebf,f06c464c-9900-4251-a324-3e82b9a1c9d2,,,"{""method"": ""TABLET_SIGNATURE"", ""document_type"": ""financial_responsibility_notice""}"
a225d9bb-69ec-46ca-b559-eec46781136b,0aa6bb34-4f25-45b8-a9f0-34b4f9e7b2e1,70264cc8-1086-45fb-bffe-7f5b383d3404,document,f06c464c-9900-4251-a324-3e82b9a1c9d2,acknowledgment_verified,,2026-03-17 22:10:53.187+00,42958bbc-485c-4535-abc7-48220f6c5ebf,f06c464c-9900-4251-a324-3e82b9a1c9d2,,,"{""method"": ""TABLET_SIGNATURE"", ""session_id"": ""f06c464c-9900-4251-a324-3e82b9a1c9d2"", ""document_type"": ""financial_responsibility_notice""}"
f1713eaa-0313-43fc-a44e-366606770801,0aa6bb34-4f25-45b8-a9f0-34b4f9e7b2e1,70264cc8-1086-45fb-bffe-7f5b383d3404,case,42958bbc-485c-4535-abc7-48220f6c5ebf,workflow_email_notification_sent,Workflow email notification sent via microsoft_graph_direct,2026-03-17 22:41:28.924+00,42958bbc-485c-4535-abc7-48220f6c5ebf,,::ffff:127.0.0.1,node,"{""provider"": ""microsoft_graph_direct"", ""recipients"": [""admin@wathiqcare.online""], ""template_name"": ""discharge_refusal_follow_up""}"
a78a0a11-1c09-46bd-b85f-55b95a81933b,0aa6bb34-4f25-45b8-a9f0-34b4f9e7b2e1,70264cc8-1086-45fb-bffe-7f5b383d3404,document,ee568e80-c721-411f-9b9b-fbf0a5068e9b,acknowledgment_session_started,,2026-03-18 00:51:41.491+00,42958bbc-485c-4535-abc7-48220f6c5ebf,ee568e80-c721-411f-9b9b-fbf0a5068e9b,,,"{""method"": ""TABLET_SIGNATURE"", ""document_type"": ""discharge_refusal_form""}"
3b10fea4-0a00-4913-9d83-d0edcf023e18,0aa6bb34-4f25-45b8-a9f0-34b4f9e7b2e1,70264cc8-1086-45fb-bffe-7f5b383d3404,document,ee568e80-c721-411f-9b9b-fbf0a5068e9b,acknowledgment_verified,,2026-03-18 00:51:44.714+00,42958bbc-485c-4535-abc7-48220f6c5ebf,ee568e80-c721-411f-9b9b-fbf0a5068e9b,,,"{""method"": ""TABLET_SIGNATURE"", ""session_id"": ""ee568e80-c721-411f-9b9b-fbf0a5068e9b"", ""document_type"": ""discharge_refusal_form""}"
1abcb0c1-a74c-4eec-a8ba-2b8cdcaf7803,0aa6bb34-4f25-45b8-a9f0-34b4f9e7b2e1,70264cc8-1086-45fb-bffe-7f5b383d3404,document,5adb8d36-5f52-490d-8382-75b7df01733f,acknowledgment_session_started,,2026-03-18 00:52:08.546+00,42958bbc-485c-4535-abc7-48220f6c5ebf,5adb8d36-5f52-490d-8382-75b7df01733f,,,"{""method"": ""TABLET_SIGNATURE"", ""document_type"": ""financial_responsibility_notice""}"
37907ac3-ca98-456e-a58f-e120a2a7e0a8,0aa6bb34-4f25-45b8-a9f0-34b4f9e7b2e1,70264cc8-1086-45fb-bffe-7f5b383d3404,document,5adb8d36-5f52-490d-8382-75b7df01733f,acknowledgment_verified,,2026-03-18 00:52:13.615+00,42958bbc-485c-4535-abc7-48220f6c5ebf,5adb8d36-5f52-490d-8382-75b7df01733f,,,"{""method"": ""TABLET_SIGNATURE"", ""session_id"": ""5adb8d36-5f52-490d-8382-75b7df01733f"", ""document_type"": ""financial_responsibility_notice""}"
5995c77c-c4ac-48e1-bb74-3a26fdeedee0,0aa6bb34-4f25-45b8-a9f0-34b4f9e7b2e1,70264cc8-1086-45fb-bffe-7f5b383d3404,document,bbbfd0db-c46e-467c-af5c-930684034aad,acknowledgment_session_started,,2026-03-18 03:02:08.301+00,42958bbc-485c-4535-abc7-48220f6c5ebf,bbbfd0db-c46e-467c-af5c-930684034aad,,,"{""method"": ""TABLET_SIGNATURE"", ""document_type"": ""discharge_refusal_form""}"
774bf6d8-de63-4f45-b29e-9be073585ce3,0aa6bb34-4f25-45b8-a9f0-34b4f9e7b2e1,70264cc8-1086-45fb-bffe-7f5b383d3404,document,85b6044c-ea5f-416d-b497-84d88bc70c99,acknowledgment_session_started,,2026-03-18 03:02:15.397+00,42958bbc-485c-4535-abc7-48220f6c5ebf,85b6044c-ea5f-416d-b497-84d88bc70c99,,,"{""method"": ""TABLET_SIGNATURE"", ""document_type"": ""discharge_refusal_form""}"
2df980bd-385d-449b-a9ff-980674cb2878,0aa6bb34-4f25-45b8-a9f0-34b4f9e7b2e1,70264cc8-1086-45fb-bffe-7f5b383d3404,document,85b6044c-ea5f-416d-b497-84d88bc70c99,acknowledgment_verified,,2026-03-18 03:02:49.385+00,42958bbc-485c-4535-abc7-48220f6c5ebf,85b6044c-ea5f-416d-b497-84d88bc70c99,,,"{""method"": ""TABLET_SIGNATURE"", ""session_id"": ""85b6044c-ea5f-416d-b497-84d88bc70c99"", ""document_type"": ""discharge_refusal_form""}"
d8db9e03-932e-4600-a40e-21e20ae091fb,0aa6bb34-4f25-45b8-a9f0-34b4f9e7b2e1,70264cc8-1086-45fb-bffe-7f5b383d3404,case,42958bbc-485c-4535-abc7-48220f6c5ebf,record_discharge_decision,Workflow action completed: record_discharge_decision,2026-03-18 03:03:30.399+00,42958bbc-485c-4535-abc7-48220f6c5ebf,,176.19.223.72,"Mozilla/5.0 (Windows NT 10.0; Win64; x64) AppleWebKit/537.36 (KHTML, like Gecko) Chrome/146.0.0.0 Safari/537.36 Edg/146.0.0.0","{""status"": ""active"", ""current_stage"": ""medical_discharge_decision"", ""generated_document_id"": null}"
69b5fd0d-cade-4322-96d4-340a70802d4b,0aa6bb34-4f25-45b8-a9f0-34b4f9e7b2e1,70264cc8-1086-45fb-bffe-7f5b383d3404,document,4438c5eb-1282-4ec0-b7f8-1f78b139c5f2,acknowledgment_session_started,,2026-03-18 03:06:43.272+00,42958bbc-485c-4535-abc7-48220f6c5ebf,4438c5eb-1282-4ec0-b7f8-1f78b139c5f2,,,"{""method"": ""TABLET_SIGNATURE"", ""document_type"": ""informed_consent""}"
de38d698-7332-427e-8930-9d83b5f796a7,0aa6bb34-4f25-45b8-a9f0-34b4f9e7b2e1,70264cc8-1086-45fb-bffe-7f5b383d3404,document,4438c5eb-1282-4ec0-b7f8-1f78b139c5f2,acknowledgment_verified,,2026-03-18 03:06:49.429+00,42958bbc-485c-4535-abc7-48220f6c5ebf,4438c5eb-1282-4ec0-b7f8-1f78b139c5f2,,,"{""method"": ""TABLET_SIGNATURE"", ""session_id"": ""4438c5eb-1282-4ec0-b7f8-1f78b139c5f2"", ""document_type"": ""informed_consent""}"
0db7cb80-7045-4fa7-9319-92e81f9e8f2b,0aa6bb34-4f25-45b8-a9f0-34b4f9e7b2e1,70264cc8-1086-45fb-bffe-7f5b383d3404,document,d7448d0d-400a-4d82-ba8f-fdac6d8c5782,acknowledgment_session_started,,2026-03-18 09:58:11.313+00,42958bbc-485c-4535-abc7-48220f6c5ebf,d7448d0d-400a-4d82-ba8f-fdac6d8c5782,,,"{""method"": ""TABLET_SIGNATURE"", ""document_type"": ""discharge_refusal_form""}"
82e43686-3745-49b3-9744-ce24bb5ad531,0aa6bb34-4f25-45b8-a9f0-34b4f9e7b2e1,70264cc8-1086-45fb-bffe-7f5b383d3404,document,d7448d0d-400a-4d82-ba8f-fdac6d8c5782,acknowledgment_verified,,2026-03-18 09:58:13.505+00,42958bbc-485c-4535-abc7-48220f6c5ebf,d7448d0d-400a-4d82-ba8f-fdac6d8c5782,,,"{""method"": ""TABLET_SIGNATURE"", ""session_id"": ""d7448d0d-400a-4d82-ba8f-fdac6d8c5782"", ""document_type"": ""discharge_refusal_form""}"
7f58e1ce-eb8a-4905-9528-6d23e0dc8957,0aa6bb34-4f25-45b8-a9f0-34b4f9e7b2e1,70264cc8-1086-45fb-bffe-7f5b383d3404,case,3db4571d-0f4a-4ac6-ac83-b7ebba609406,case_created,Case created,2026-03-18 15:51:42.145+00,3db4571d-0f4a-4ac6-ac83-b7ebba609406,,46.251.146.177,"Mozilla/5.0 (Windows NT 10.0; Win64; x64) AppleWebKit/537.36 (KHTML, like Gecko) Chrome/146.0.0.0 Safari/537.36 Edg/146.0.0.0","{""status"": ""OPEN"", ""caseType"": ""DISCHARGE_REFUSAL""}"
68627538-29c3-4716-90af-0dbbc6c81bb9,0aa6bb34-4f25-45b8-a9f0-34b4f9e7b2e1,70264cc8-1086-45fb-bffe-7f5b383d3404,document,639bc29d-fe25-4a4c-98f1-62367df7dbd6,acknowledgment_session_started,,2026-03-18 18:27:07.233+00,3db4571d-0f4a-4ac6-ac83-b7ebba609406,639bc29d-fe25-4a4c-98f1-62367df7dbd6,,,"{""method"": ""TABLET_SIGNATURE"", ""document_type"": ""discharge_refusal_form""}"
ff6a2112-1985-4bbd-8348-756ba1dd0b28,0aa6bb34-4f25-45b8-a9f0-34b4f9e7b2e1,70264cc8-1086-45fb-bffe-7f5b383d3404,document,639bc29d-fe25-4a4c-98f1-62367df7dbd6,acknowledgment_verified,,2026-03-18 18:27:11.163+00,3db4571d-0f4a-4ac6-ac83-b7ebba609406,639bc29d-fe25-4a4c-98f1-62367df7dbd6,,,"{""method"": ""TABLET_SIGNATURE"", ""session_id"": ""639bc29d-fe25-4a4c-98f1-62367df7dbd6"", ""document_type"": ""discharge_refusal_form""}"
1cb5f20c-8662-4166-819e-26e9f2093d23,0aa6bb34-4f25-45b8-a9f0-34b4f9e7b2e1,70264cc8-1086-45fb-bffe-7f5b383d3404,case,3db4571d-0f4a-4ac6-ac83-b7ebba609406,case_updated,Case updated,2026-03-18 18:27:51.205+00,3db4571d-0f4a-4ac6-ac83-b7ebba609406,,46.251.146.177,"Mozilla/5.0 (Windows NT 10.0; Win64; x64) AppleWebKit/537.36 (KHTML, like Gecko) Chrome/146.0.0.0 Safari/537.36 Edg/146.0.0.0","{""status"": ""OPEN""}"
3d1c1bef-1770-4112-b08b-ca56bf3261d2,0aa6bb34-4f25-45b8-a9f0-34b4f9e7b2e1,70264cc8-1086-45fb-bffe-7f5b383d3404,document,80fba3f3-6f2e-45ec-ba11-70d0d03d0415,acknowledgment_session_started,,2026-03-18 21:52:50.397+00,3db4571d-0f4a-4ac6-ac83-b7ebba609406,80fba3f3-6f2e-45ec-ba11-70d0d03d0415,,,"{""method"": ""TABLET_SIGNATURE"", ""document_type"": ""informed_consent""}"
543cdcd7-49e9-4220-9cd4-8769f33af991,0aa6bb34-4f25-45b8-a9f0-34b4f9e7b2e1,70264cc8-1086-45fb-bffe-7f5b383d3404,document,80fba3f3-6f2e-45ec-ba11-70d0d03d0415,acknowledgment_verified,,2026-03-18 21:52:52.457+00,3db4571d-0f4a-4ac6-ac83-b7ebba609406,80fba3f3-6f2e-45ec-ba11-70d0d03d0415,,,"{""method"": ""TABLET_SIGNATURE"", ""session_id"": ""80fba3f3-6f2e-45ec-ba11-70d0d03d0415"", ""document_type"": ""informed_consent""}"
8eaefd62-e8c4-44ea-9f67-25e9f9f039cb,0aa6bb34-4f25-45b8-a9f0-34b4f9e7b2e1,70264cc8-1086-45fb-bffe-7f5b383d3404,document,8c1c6b18-cd32-4d50-9680-87a569b4c28c,acknowledgment_session_started,,2026-03-18 23:22:59.797+00,3db4571d-0f4a-4ac6-ac83-b7ebba609406,8c1c6b18-cd32-4d50-9680-87a569b4c28c,,,"{""method"": ""TABLET_SIGNATURE"", ""document_type"": ""home_healthcare_agreement""}"
f2796902-b1f3-40ac-98ab-9284717b8e7d,0aa6bb34-4f25-45b8-a9f0-34b4f9e7b2e1,70264cc8-1086-45fb-bffe-7f5b383d3404,document,9c50b1ef-4599-4252-b35d-f487589c7285,acknowledgment_session_started,,2026-03-18 23:25:20.907+00,3db4571d-0f4a-4ac6-ac83-b7ebba609406,9c50b1ef-4599-4252-b35d-f487589c7285,,,"{""method"": ""TABLET_SIGNATURE"", ""document_type"": ""discharge_refusal_form""}"
e478d886-fa04-49b6-aee6-bcf08ea1a1f4,0aa6bb34-4f25-45b8-a9f0-34b4f9e7b2e1,70264cc8-1086-45fb-bffe-7f5b383d3404,document,9c50b1ef-4599-4252-b35d-f487589c7285,acknowledgment_verified,,2026-03-18 23:25:23.742+00,3db4571d-0f4a-4ac6-ac83-b7ebba609406,9c50b1ef-4599-4252-b35d-f487589c7285,,,"{""method"": ""TABLET_SIGNATURE"", ""session_id"": ""9c50b1ef-4599-4252-b35d-f487589c7285"", ""document_type"": ""discharge_refusal_form""}"
f8a6c072-998d-4795-a54c-1781bcd4d901,0aa6bb34-4f25-45b8-a9f0-34b4f9e7b2e1,70264cc8-1086-45fb-bffe-7f5b383d3404,document,339553f6-5069-4f8c-adaa-9733320f2299,acknowledgment_session_started,,2026-03-18 23:26:09.517+00,3db4571d-0f4a-4ac6-ac83-b7ebba609406,339553f6-5069-4f8c-adaa-9733320f2299,,,"{""method"": ""TABLET_SIGNATURE"", ""document_type"": ""financial_responsibility_notice""}"
abcd8738-69aa-4f0c-ac75-1b1db9f97571,0aa6bb34-4f25-45b8-a9f0-34b4f9e7b2e1,70264cc8-1086-45fb-bffe-7f5b383d3404,document,339553f6-5069-4f8c-adaa-9733320f2299,acknowledgment_verified,,2026-03-18 23:26:12.15+00,3db4571d-0f4a-4ac6-ac83-b7ebba609406,339553f6-5069-4f8c-adaa-9733320f2299,,,"{""method"": ""TABLET_SIGNATURE"", ""session_id"": ""339553f6-5069-4f8c-adaa-9733320f2299"", ""document_type"": ""financial_responsibility_notice""}"
f71cb09c-7bb9-4feb-8a20-03760dafefd5,0aa6bb34-4f25-45b8-a9f0-34b4f9e7b2e1,70264cc8-1086-45fb-bffe-7f5b383d3404,document,a691874f-9275-4c5f-8d4c-3b14aa255cdc,acknowledgment_session_started,,2026-03-18 23:27:22.948+00,3db4571d-0f4a-4ac6-ac83-b7ebba609406,a691874f-9275-4c5f-8d4c-3b14aa255cdc,,,"{""method"": ""TABLET_SIGNATURE"", ""document_type"": ""home_healthcare_agreement""}"
25ac691a-cf7b-4ecb-a0e9-0ab09d975427,0aa6bb34-4f25-45b8-a9f0-34b4f9e7b2e1,70264cc8-1086-45fb-bffe-7f5b383d3404,document,d162f190-6e48-437d-be52-d0f21a3b2e6b,acknowledgment_session_started,,2026-03-18 23:27:25.785+00,3db4571d-0f4a-4ac6-ac83-b7ebba609406,d162f190-6e48-437d-be52-d0f21a3b2e6b,,,"{""method"": ""TABLET_SIGNATURE"", ""document_type"": ""home_healthcare_agreement""}"
f34dafe2-f4e2-4706-8b26-665a99027156,0aa6bb34-4f25-45b8-a9f0-34b4f9e7b2e1,70264cc8-1086-45fb-bffe-7f5b383d3404,document,d162f190-6e48-437d-be52-d0f21a3b2e6b,acknowledgment_verified,,2026-03-18 23:27:31.24+00,3db4571d-0f4a-4ac6-ac83-b7ebba609406,d162f190-6e48-437d-be52-d0f21a3b2e6b,,,"{""method"": ""TABLET_SIGNATURE"", ""session_id"": ""d162f190-6e48-437d-be52-d0f21a3b2e6b"", ""document_type"": ""home_healthcare_agreement""}"
95860641-312b-4160-bef3-8843331a7c69,0aa6bb34-4f25-45b8-a9f0-34b4f9e7b2e1,70264cc8-1086-45fb-bffe-7f5b383d3404,document,a4a85aaf-9405-4cda-96f0-abe1fb560f16,acknowledgment_session_started,,2026-03-19 05:58:25.139+00,3db4571d-0f4a-4ac6-ac83-b7ebba609406,a4a85aaf-9405-4cda-96f0-abe1fb560f16,,,"{""method"": ""TABLET_SIGNATURE"", ""document_type"": ""discharge_refusal_form""}"
e1c31bd4-5b11-4444-a5ba-48674c8c0b2d,0aa6bb34-4f25-45b8-a9f0-34b4f9e7b2e1,70264cc8-1086-45fb-bffe-7f5b383d3404,document,a4a85aaf-9405-4cda-96f0-abe1fb560f16,acknowledgment_verified,,2026-03-19 05:58:30.268+00,3db4571d-0f4a-4ac6-ac83-b7ebba609406,a4a85aaf-9405-4cda-96f0-abe1fb560f16,,,"{""method"": ""TABLET_SIGNATURE"", ""session_id"": ""a4a85aaf-9405-4cda-96f0-abe1fb560f16"", ""document_type"": ""discharge_refusal_form""}"
cba5b151-7a19-4c21-bfad-ab040ad65e9f,0aa6bb34-4f25-45b8-a9f0-34b4f9e7b2e1,70264cc8-1086-45fb-bffe-7f5b383d3404,case,3db4571d-0f4a-4ac6-ac83-b7ebba609406,record_discharge_decision,Workflow action completed: record_discharge_decision,2026-03-19 05:58:55.684+00,3db4571d-0f4a-4ac6-ac83-b7ebba609406,,176.19.172.176,"Mozilla/5.0 (Windows NT 10.0; Win64; x64) AppleWebKit/537.36 (KHTML, like Gecko) Chrome/146.0.0.0 Safari/537.36 Edg/146.0.0.0","{""status"": ""active"", ""current_stage"": ""medical_discharge_decision"", ""generated_document_id"": null}"
95ff1c54-d144-4861-8030-a977f3849bc8,0aa6bb34-4f25-45b8-a9f0-34b4f9e7b2e1,70264cc8-1086-45fb-bffe-7f5b383d3404,document,7192ea36-4f86-4262-8769-6c8f0331a060,acknowledgment_session_started,,2026-03-19 06:00:03.861+00,3db4571d-0f4a-4ac6-ac83-b7ebba609406,7192ea36-4f86-4262-8769-6c8f0331a060,,,"{""method"": ""TABLET_SIGNATURE"", ""document_type"": ""informed_consent""}"
0c85405d-33e6-42c2-afbb-d9016d60306a,0aa6bb34-4f25-45b8-a9f0-34b4f9e7b2e1,70264cc8-1086-45fb-bffe-7f5b383d3404,document,7192ea36-4f86-4262-8769-6c8f0331a060,acknowledgment_verified,,2026-03-19 06:00:09.29+00,3db4571d-0f4a-4ac6-ac83-b7ebba609406,7192ea36-4f86-4262-8769-6c8f0331a060,,,"{""method"": ""TABLET_SIGNATURE"", ""session_id"": ""7192ea36-4f86-4262-8769-6c8f0331a060"", ""document_type"": ""informed_consent""}"
f503de51-3c85-4142-942b-25d48f39c27e,0aa6bb34-4f25-45b8-a9f0-34b4f9e7b2e1,70264cc8-1086-45fb-bffe-7f5b383d3404,document,c0377cca-e44b-4a07-beda-9febf04381eb,acknowledgment_session_started,,2026-03-19 06:04:39.525+00,855d0194-398e-462e-94f8-1a52b6181b72,c0377cca-e44b-4a07-beda-9febf04381eb,,,"{""method"": ""TABLET_SIGNATURE"", ""document_type"": ""informed_consent""}"
e1eb5513-2e7d-43ef-a12c-4c2b088670c9,0aa6bb34-4f25-45b8-a9f0-34b4f9e7b2e1,70264cc8-1086-45fb-bffe-7f5b383d3404,document,c0377cca-e44b-4a07-beda-9febf04381eb,acknowledgment_verified,,2026-03-19 06:04:43.668+00,855d0194-398e-462e-94f8-1a52b6181b72,c0377cca-e44b-4a07-beda-9febf04381eb,,,"{""method"": ""TABLET_SIGNATURE"", ""session_id"": ""c0377cca-e44b-4a07-beda-9febf04381eb"", ""document_type"": ""informed_consent""}"
507c716e-4aa6-420c-8471-f19f813effb6,0aa6bb34-4f25-45b8-a9f0-34b4f9e7b2e1,70264cc8-1086-45fb-bffe-7f5b383d3404,case,855d0194-398e-462e-94f8-1a52b6181b72,start_refusal_workflow,Workflow action completed: start_refusal_workflow,2026-03-19 06:05:55.617+00,855d0194-398e-462e-94f8-1a52b6181b72,,176.19.172.176,"Mozilla/5.0 (Windows NT 10.0; Win64; x64) AppleWebKit/537.36 (KHTML, like Gecko) Chrome/146.0.0.0 Safari/537.36 Edg/146.0.0.0","{""status"": ""active"", ""current_stage"": ""initial_communication"", ""generated_document_id"": null}"
2befd1c1-2844-43b5-b2f5-b3ef15541bfb,0aa6bb34-4f25-45b8-a9f0-34b4f9e7b2e1,70264cc8-1086-45fb-bffe-7f5b383d3404,case,3db4571d-0f4a-4ac6-ac83-b7ebba609406,start_refusal_workflow,Workflow action completed: start_refusal_workflow,2026-03-21 01:22:49.461+00,3db4571d-0f4a-4ac6-ac83-b7ebba609406,,5.111.41.28,"Mozilla/5.0 (Windows NT 10.0; Win64; x64) AppleWebKit/537.36 (KHTML, like Gecko) Chrome/146.0.0.0 Safari/537.36 Edg/146.0.0.0","{""status"": ""active"", ""current_stage"": ""initial_communication"", ""generated_document_id"": null}"
d3e46b42-69bb-4569-ae41-3f0c8f97f6ee,0aa6bb34-4f25-45b8-a9f0-34b4f9e7b2e1,70264cc8-1086-45fb-bffe-7f5b383d3404,case,3db4571d-0f4a-4ac6-ac83-b7ebba609406,refer_social_services,Workflow action completed: refer_social_services,2026-03-21 01:23:11.853+00,3db4571d-0f4a-4ac6-ac83-b7ebba609406,,5.111.41.28,"Mozilla/5.0 (Windows NT 10.0; Win64; x64) AppleWebKit/537.36 (KHTML, like Gecko) Chrome/146.0.0.0 Safari/537.36 Edg/146.0.0.0","{""status"": ""active"", ""current_stage"": ""refusal_form"", ""generated_document_id"": null}"
1ada358e-8799-4bbe-8143-87db89393fb0,0aa6bb34-4f25-45b8-a9f0-34b4f9e7b2e1,70264cc8-1086-45fb-bffe-7f5b383d3404,case,3db4571d-0f4a-4ac6-ac83-b7ebba609406,refer_social_services,Workflow action completed: refer_social_services,2026-03-21 01:23:56.639+00,3db4571d-0f4a-4ac6-ac83-b7ebba609406,,5.111.41.28,"Mozilla/5.0 (Windows NT 10.0; Win64; x64) AppleWebKit/537.36 (KHTML, like Gecko) Chrome/146.0.0.0 Safari/537.36 Edg/146.0.0.0","{""status"": ""active"", ""current_stage"": ""refusal_form"", ""generated_document_id"": null}"
b9d64130-912a-47ff-881d-34362c91b6a8,0aa6bb34-4f25-45b8-a9f0-34b4f9e7b2e1,70264cc8-1086-45fb-bffe-7f5b383d3404,document,c2924017-5e92-4d0c-be01-80a3e93f0f1c,acknowledgment_session_started,,2026-03-21 01:24:28.473+00,3db4571d-0f4a-4ac6-ac83-b7ebba609406,c2924017-5e92-4d0c-be01-80a3e93f0f1c,,,"{""method"": ""TABLET_SIGNATURE"", ""document_type"": ""discharge_refusal_form""}"
4aab3bbc-0136-4d33-8022-a72ba18c20fb,0aa6bb34-4f25-45b8-a9f0-34b4f9e7b2e1,70264cc8-1086-45fb-bffe-7f5b383d3404,document,c2924017-5e92-4d0c-be01-80a3e93f0f1c,acknowledgment_verified,,2026-03-21 01:24:31.56+00,3db4571d-0f4a-4ac6-ac83-b7ebba609406,c2924017-5e92-4d0c-be01-80a3e93f0f1c,,,"{""method"": ""TABLET_SIGNATURE"", ""session_id"": ""c2924017-5e92-4d0c-be01-80a3e93f0f1c"", ""document_type"": ""discharge_refusal_form""}"
18aa328f-cc97-4fb2-9145-64fe8e840b3c,0aa6bb34-4f25-45b8-a9f0-34b4f9e7b2e1,70264cc8-1086-45fb-bffe-7f5b383d3404,document,39466bad-7c6e-4aae-8611-6b55592f4db1,acknowledgment_session_started,,2026-03-21 01:25:03.513+00,3db4571d-0f4a-4ac6-ac83-b7ebba609406,39466bad-7c6e-4aae-8611-6b55592f4db1,,,"{""method"": ""TABLET_SIGNATURE"", ""document_type"": ""discharge_refusal_form""}"
3d7c4ab8-56bd-41fc-9570-f93c9d67a3a7,0aa6bb34-4f25-45b8-a9f0-34b4f9e7b2e1,70264cc8-1086-45fb-bffe-7f5b383d3404,document,39466bad-7c6e-4aae-8611-6b55592f4db1,acknowledgment_verified,,2026-03-21 01:25:06.122+00,3db4571d-0f4a-4ac6-ac83-b7ebba609406,39466bad-7c6e-4aae-8611-6b55592f4db1,,,"{""method"": ""TABLET_SIGNATURE"", ""session_id"": ""39466bad-7c6e-4aae-8611-6b55592f4db1"", ""document_type"": ""discharge_refusal_form""}"
f062de4e-b2e1-4b9d-a57a-bc130ec00e36,0aa6bb34-4f25-45b8-a9f0-34b4f9e7b2e1,70264cc8-1086-45fb-bffe-7f5b383d3404,document,f1b4a16a-f607-45b2-82b7-2e56b07e298a,acknowledgment_session_started,,2026-03-21 01:25:34.1+00,3db4571d-0f4a-4ac6-ac83-b7ebba609406,f1b4a16a-f607-45b2-82b7-2e56b07e298a,,,"{""method"": ""TABLET_SIGNATURE"", ""document_type"": ""financial_responsibility_notice""}"
48d96577-3d10-4b5b-b88e-4ab117a15db1,0aa6bb34-4f25-45b8-a9f0-34b4f9e7b2e1,70264cc8-1086-45fb-bffe-7f5b383d3404,document,f1b4a16a-f607-45b2-82b7-2e56b07e298a,acknowledgment_verified,,2026-03-21 01:25:36.268+00,3db4571d-0f4a-4ac6-ac83-b7ebba609406,f1b4a16a-f607-45b2-82b7-2e56b07e298a,,,"{""method"": ""TABLET_SIGNATURE"", ""session_id"": ""f1b4a16a-f607-45b2-82b7-2e56b07e298a"", ""document_type"": ""financial_responsibility_notice""}"
efa16ff3-df7a-432b-b2d5-7b936b54408c,0aa6bb34-4f25-45b8-a9f0-34b4f9e7b2e1,70264cc8-1086-45fb-bffe-7f5b383d3404,document,93256d66-f40f-4f8b-ac31-329fb7e80173,generate_refusal_form,Workflow action completed: generate_refusal_form,2026-03-21 02:42:27.121+00,3db4571d-0f4a-4ac6-ac83-b7ebba609406,93256d66-f40f-4f8b-ac31-329fb7e80173,5.111.41.28,"Mozilla/5.0 (Windows NT 10.0; Win64; x64) AppleWebKit/537.36 (KHTML, like Gecko) Chrome/146.0.0.0 Safari/537.36 Edg/146.0.0.0","{""status"": ""pending_notification"", ""current_stage"": ""official_notification"", ""generated_document_id"": ""93256d66-f40f-4f8b-ac31-329fb7e80173""}"
6bc1bc97-ce72-4103-b897-d3ea24dc5a18,0aa6bb34-4f25-45b8-a9f0-34b4f9e7b2e1,70264cc8-1086-45fb-bffe-7f5b383d3404,document,f5e8a1b6-7e54-483d-ba06-3b0a72c21ff3,acknowledgment_session_started,,2026-03-21 02:43:54.911+00,3db4571d-0f4a-4ac6-ac83-b7ebba609406,f5e8a1b6-7e54-483d-ba06-3b0a72c21ff3,,,"{""method"": ""TABLET_SIGNATURE"", ""document_type"": ""informed_consent""}"
64ec4652-999b-4f6b-b38d-d304bcd7d860,0aa6bb34-4f25-45b8-a9f0-34b4f9e7b2e1,70264cc8-1086-45fb-bffe-7f5b383d3404,document,f5e8a1b6-7e54-483d-ba06-3b0a72c21ff3,acknowledgment_verified,,2026-03-21 02:43:57.026+00,3db4571d-0f4a-4ac6-ac83-b7ebba609406,f5e8a1b6-7e54-483d-ba06-3b0a72c21ff3,,,"{""method"": ""TABLET_SIGNATURE"", ""session_id"": ""f5e8a1b6-7e54-483d-ba06-3b0a72c21ff3"", ""document_type"": ""informed_consent""}"
6a1ba9ea-9595-48fa-b68d-3eee82c14303,0aa6bb34-4f25-45b8-a9f0-34b4f9e7b2e1,70264cc8-1086-45fb-bffe-7f5b383d3404,document,4589b09e-7a57-4d78-8c32-bc758fe03508,generate_financial_notice,Workflow action completed: generate_financial_notice,2026-03-21 10:25:30.642+00,3db4571d-0f4a-4ac6-ac83-b7ebba609406,4589b09e-7a57-4d78-8c32-bc758fe03508,5.111.41.28,"Mozilla/5.0 (X11; Linux x86_64) AppleWebKit/537.36 (KHTML, like Gecko) Chrome/146.0.0.0 Safari/537.36","{""status"": ""escalation_required"", ""current_stage"": ""escalation"", ""generated_document_id"": ""4589b09e-7a57-4d78-8c32-bc758fe03508""}"
8a6b1e0c-da7f-4cb4-8a2d-30d8d32b98b5,0aa6bb34-4f25-45b8-a9f0-34b4f9e7b2e1,70264cc8-1086-45fb-bffe-7f5b383d3404,document,511cafde-b002-4ab4-8df2-8a2977232ee9,acknowledgment_session_started,,2026-03-21 10:25:50.456+00,3db4571d-0f4a-4ac6-ac83-b7ebba609406,511cafde-b002-4ab4-8df2-8a2977232ee9,,,"{""method"": ""TABLET_SIGNATURE"", ""document_type"": ""discharge_refusal_form""}"
0c3f46d2-f678-4e0e-963e-97daa84ac4e9,0aa6bb34-4f25-45b8-a9f0-34b4f9e7b2e1,70264cc8-1086-45fb-bffe-7f5b383d3404,document,511cafde-b002-4ab4-8df2-8a2977232ee9,acknowledgment_verified,,2026-03-21 10:25:52.733+00,3db4571d-0f4a-4ac6-ac83-b7ebba609406,511cafde-b002-4ab4-8df2-8a2977232ee9,,,"{""method"": ""TABLET_SIGNATURE"", ""session_id"": ""511cafde-b002-4ab4-8df2-8a2977232ee9"", ""document_type"": ""discharge_refusal_form""}"
0ebdaf95-9841-415d-a87c-f25cda3bba4b,0aa6bb34-4f25-45b8-a9f0-34b4f9e7b2e1,70264cc8-1086-45fb-bffe-7f5b383d3404,case,3db4571d-0f4a-4ac6-ac83-b7ebba609406,escalate_legal_compliance,Workflow action completed: escalate_legal_compliance,2026-03-21 10:26:44.934+00,3db4571d-0f4a-4ac6-ac83-b7ebba609406,,5.111.41.28,"Mozilla/5.0 (X11; Linux x86_64) AppleWebKit/537.36 (KHTML, like Gecko) Chrome/146.0.0.0 Safari/537.36","{""status"": ""escalated"", ""current_stage"": ""escalation"", ""generated_document_id"": null}"
59ab54a8-7428-43a4-990a-cefddd390858,0aa6bb34-4f25-45b8-a9f0-34b4f9e7b2e1,70264cc8-1086-45fb-bffe-7f5b383d3404,document,93906b69-a728-4436-8499-338edff86545,acknowledgment_session_started,,2026-03-21 10:28:41.669+00,3db4571d-0f4a-4ac6-ac83-b7ebba609406,93906b69-a728-4436-8499-338edff86545,,,"{""method"": ""TABLET_SIGNATURE"", ""document_type"": ""financial_responsibility_notice""}"
54a03a3a-37de-4be8-a174-4809620a1e2a,0aa6bb34-4f25-45b8-a9f0-34b4f9e7b2e1,70264cc8-1086-45fb-bffe-7f5b383d3404,document,93906b69-a728-4436-8499-338edff86545,acknowledgment_verified,,2026-03-21 10:28:45.522+00,3db4571d-0f4a-4ac6-ac83-b7ebba609406,93906b69-a728-4436-8499-338edff86545,,,"{""method"": ""TABLET_SIGNATURE"", ""session_id"": ""93906b69-a728-4436-8499-338edff86545"", ""document_type"": ""financial_responsibility_notice""}"
c243d4c4-79b7-4138-8c7b-f261f5251170,0aa6bb34-4f25-45b8-a9f0-34b4f9e7b2e1,70264cc8-1086-45fb-bffe-7f5b383d3404,document,bbc03851-d5f7-4568-8f4b-043dcf276006,acknowledgment_session_started,,2026-03-21 10:29:28.78+00,3db4571d-0f4a-4ac6-ac83-b7ebba609406,bbc03851-d5f7-4568-8f4b-043dcf276006,,,"{""method"": ""TABLET_SIGNATURE"", ""document_type"": ""discharge_refusal_form""}"
a7da7062-0cf1-46c7-bf89-6b978b62ea8d,0aa6bb34-4f25-45b8-a9f0-34b4f9e7b2e1,70264cc8-1086-45fb-bffe-7f5b383d3404,document,bbc03851-d5f7-4568-8f4b-043dcf276006,acknowledgment_verified,,2026-03-21 10:29:34.106+00,3db4571d-0f4a-4ac6-ac83-b7ebba609406,bbc03851-d5f7-4568-8f4b-043dcf276006,,,"{""method"": ""TABLET_SIGNATURE"", ""session_id"": ""bbc03851-d5f7-4568-8f4b-043dcf276006"", ""document_type"": ""discharge_refusal_form""}"
51b2941d-a6b0-4b3f-92f0-cc3c18ee9ac8,0aa6bb34-4f25-45b8-a9f0-34b4f9e7b2e1,70264cc8-1086-45fb-bffe-7f5b383d3404,document,62c98b6e-7617-4c62-bb98-f782a0571772,acknowledgment_session_started,,2026-03-21 10:29:56.958+00,3db4571d-0f4a-4ac6-ac83-b7ebba609406,62c98b6e-7617-4c62-bb98-f782a0571772,,,"{""method"": ""TABLET_SIGNATURE"", ""document_type"": ""financial_responsibility_notice""}"
160ccf03-ac42-4257-b1b4-a1f5b7a7e877,0aa6bb34-4f25-45b8-a9f0-34b4f9e7b2e1,70264cc8-1086-45fb-bffe-7f5b383d3404,document,62c98b6e-7617-4c62-bb98-f782a0571772,acknowledgment_verified,,2026-03-21 10:29:58.506+00,3db4571d-0f4a-4ac6-ac83-b7ebba609406,62c98b6e-7617-4c62-bb98-f782a0571772,,,"{""method"": ""TABLET_SIGNATURE"", ""session_id"": ""62c98b6e-7617-4c62-bb98-f782a0571772"", ""document_type"": ""financial_responsibility_notice""}"
